Metric,Value
MAE,2002.5494585841827
RMSE,2725.579390444822
R2_Score,0.21999977152628059
Train_R2,0.21923504068157862
Test_R2,0.21999977152628059
Correlation,0.469087050902787
